<?xml version="1.0" encoding="UTF-8"?>
<project-private xmlns="http://www.netbeans.org/ns/project-private/1">
    <editor-bookmarks xmlns="http://www.netbeans.org/ns/editor-bookmarks/2" lastBookmarkId="0"/>
    <open-files xmlns="http://www.netbeans.org/ns/projectui-open-files/2">
        <group>
            <file>file:/C:/Users/TOSHIBA/Documents/NetBeansProjects/UTS/src/uts/UTS.java</file>
            <file>file:/C:/Users/TOSHIBA/Documents/NetBeansProjects/UTS/src/koneksi/Koneksi.java</file>
            <file>file:/C:/Users/TOSHIBA/Documents/NetBeansProjects/UTS/src/uts/Utama.java</file>
            <file>file:/C:/Users/TOSHIBA/Documents/NetBeansProjects/UTS/src/uts/Login.java</file>
            <file>file:/C:/Users/TOSHIBA/Documents/NetBeansProjects/UTS/src/uts/Mahasiswa.java</file>
            <file>file:/C:/Users/TOSHIBA/Documents/NetBeansProjects/UTS/src/uts/About.java</file>
        </group>
    </open-files>
</project-private>
